{"lha_t": [0, 0, 0], "lha_R": [[0.7071067811865476, -0.7071067811865476, 0.0], [0.7071067811865476, 0.7071067811865476, 0.0], [0.0, 0.0, 1.0]], "lhb_t": [3, 0, 0], "lhb_R": [[-0.7071067811865475, -0.7071067811865476, 0.0], [0.7071067811865476, -0.7071067811865475, 0.0], [0.0, 0.0, 1.0]]}